-- init-db.sql
-- Выполняется один раз при инициализации кластера Postgres (docker-entrypoint-initdb.d)
-- Требует существующих таблиц из миграций: positions, teams, employees, status_history

BEGIN;
-- Отключаем проверку FK/триггеров в рамках ТЕКУЩЕЙ транзакции
SET LOCAL session_replication_role = 'replica';

-- ===== 1) POSITIONS =====
INSERT INTO positions (id, title)
VALUES ('0f5d5d50-0000-0000-0000-000000000001', 'Генеральный директор'),
       ('0f5d5d50-0000-0000-0000-000000000002', 'Руководитель продуктового офиса'),
       ('0f5d5d50-0000-0000-0000-000000000003', 'Ведущий UX/UI дизайнер'),
       ('0f5d5d50-0000-0000-0000-000000000004', 'Руководитель группы разработки'),
       ('0f5d5d50-0000-0000-0000-000000000005', 'Технический директор'),
       ('0f5d5d50-0000-0000-0000-000000000006', 'Аккаунт-менеджер'),
       ('0f5d5d50-0000-0000-0000-000000000007', 'HR-менеджер'),
       ('0f5d5d50-0000-0000-0000-000000000008', 'Data Scientist'),
       ('0f5d5d50-0000-0000-0000-000000000009', 'Продакт-менеджер'),
       ('0f5d5d50-0000-0000-0000-000000000010', 'Frontend разработчик'),
       ('0f5d5d50-0000-0000-0000-000000000011', 'Главный бухгалтер'),
       ('0f5d5d50-0000-0000-0000-000000000012', 'Юрисконсульт'),
       ('0f5d5d50-0000-0000-0000-000000000013', 'Руководитель отдела сопровождения'),
       ('0f5d5d50-0000-0000-0000-000000000014', 'Инженер технической поддержки'),
       ('0f5d5d50-0000-0000-0000-000000000015', 'HR Business Partner'),
       ('0f5d5d50-0000-0000-0000-000000000016', 'Руководитель отдела маркетинга'),
       ('0f5d5d50-0000-0000-0000-000000000017', 'Руководитель отдела разработки'),
       ('0f5d5d50-0000-0000-0000-000000000018', 'Системный администратор'),
       ('0f5d5d50-0000-0000-0000-000000000019', 'QA инженер'),
       ('0f5d5d50-0000-0000-0000-000000000020', 'Менеджер по продажам'),
       ('0f5d5d50-0000-0000-0000-000000000021', 'Руководитель проектов'),
       ('0f5d5d50-0000-0000-0000-000000000022', 'Data Engineer'),
       ('0f5d5d50-0000-0000-0000-000000000023', 'UX researcher'),
       ('0f5d5d50-0000-0000-0000-000000000024', 'DevOps инженер'),
       ('0f5d5d50-0000-0000-0000-000000000025', 'Тестировщик автоматизации') ON CONFLICT (id) DO NOTHING;


-- ===== 2) TEAMS =====
INSERT INTO teams (id, name, parent_id, leader_employee_id)
VALUES
       ('3f5c1b10-0000-0000-0000-000000000001', 'UDV Digital Transformation', NULL, '7a347577-1e7c-4a9a-b6a6-b7f4e2a9d800'),
       ('3f5c1b10-0000-0000-0000-000000000002', 'UDV Security', NULL, '7a347577-1e7c-4a9a-b6a6-b7f4e2a9d801'),
       ('3f5c1b10-0000-0000-0000-000000000003', 'UDV Services', NULL, '7a347577-1e7c-4a9a-b6a6-b7f4e2a9d802'),
       ('3f5c1b10-0000-0000-0000-000000000030', 'Тринидата ООО', '3f5c1b10-0000-0000-0000-000000000001', '7a347577-1e7c-4a9a-b6a6-b7f4e2a9d246'),
       ('3f5c1b10-0000-0000-0000-000000000031', 'Основное подразделение', '3f5c1b10-0000-0000-0000-000000000030', '7a347577-1e7c-4a9a-b6a6-b7f4e2a9d209'),
       ('3f5c1b10-0000-0000-0000-000000000050', 'ВНЕОЧЕРЕДИ ООО', '3f5c1b10-0000-0000-0000-000000000001', '7a347577-1e7c-4a9a-b6a6-b7f4e2a9d248'),
       ('3f5c1b10-0000-0000-0000-000000000051', 'Основное подразделение', '3f5c1b10-0000-0000-0000-000000000050', '7a347577-1e7c-4a9a-b6a6-b7f4e2a9d216'),
       ('3f5c1b10-0000-0000-0000-000000000052', 'Отдел продуктовой разработки', '3f5c1b10-0000-0000-0000-000000000050', '7a347577-1e7c-4a9a-b6a6-b7f4e2a9d217'),
       ('3f5c1b10-0000-0000-0000-000000000040', 'ФТ-СОФТ ООО', '3f5c1b10-0000-0000-0000-000000000001', '7a347577-1e7c-4a9a-b6a6-b7f4e2a9d247'),
       ('3f5c1b10-0000-0000-0000-000000000041', 'Администрация', '3f5c1b10-0000-0000-0000-000000000040', '7a347577-1e7c-4a9a-b6a6-b7f4e2a9d210'),
       ('3f5c1b10-0000-0000-0000-000000000042', 'Основное подразделение', '3f5c1b10-0000-0000-0000-000000000040', '7a347577-1e7c-4a9a-b6a6-b7f4e2a9d211'),
       ('3f5c1b10-0000-0000-0000-000000000043', 'Направление аналитики и документации', '3f5c1b10-0000-0000-0000-000000000042', '7a347577-1e7c-4a9a-b6a6-b7f4e2a9d212'),
       ('3f5c1b10-0000-0000-0000-000000000044', 'Отдел продуктовой разработки 2', '3f5c1b10-0000-0000-0000-000000000040', '7a347577-1e7c-4a9a-b6a6-b7f4e2a9d213'),
       ('3f5c1b10-0000-0000-0000-000000000045', 'Отдел продуктовой разработки 1', '3f5c1b10-0000-0000-0000-000000000040', '7a347577-1e7c-4a9a-b6a6-b7f4e2a9d214'),
       ('3f5c1b10-0000-0000-0000-000000000046', 'Отдел заказной разработки', '3f5c1b10-0000-0000-0000-000000000040', '7a347577-1e7c-4a9a-b6a6-b7f4e2a9d215'),
       ('3f5c1b10-0000-0000-0000-000000000060', 'КИТ.Р ООО', '3f5c1b10-0000-0000-0000-000000000002', '7a347577-1e7c-4a9a-b6a6-b7f4e2a9d249'),
       ('3f5c1b10-0000-0000-0000-000000000061', 'Администрация', '3f5c1b10-0000-0000-0000-000000000060', '7a347577-1e7c-4a9a-b6a6-b7f4e2a9d218'),
       ('3f5c1b10-0000-0000-0000-000000000062', 'Департамент разработки', '3f5c1b10-0000-0000-0000-000000000060', '7a347577-1e7c-4a9a-b6a6-b7f4e2a9d219'),
       ('3f5c1b10-0000-0000-0000-000000000063', 'Департамент кибербезопасности', '3f5c1b10-0000-0000-0000-000000000060', '7a347577-1e7c-4a9a-b6a6-b7f4e2a9d220'),
       ('3f5c1b10-0000-0000-0000-000000000064', 'Департамент маркетинга', '3f5c1b10-0000-0000-0000-000000000060', '7a347577-1e7c-4a9a-b6a6-b7f4e2a9d221'),
       ('3f5c1b10-0000-0000-0000-000000000070', 'Сайберлимфа ООО', '3f5c1b10-0000-0000-0000-000000000002', '7a347577-1e7c-4a9a-b6a6-b7f4e2a9d250'),
       ('3f5c1b10-0000-0000-0000-000000000071', 'Администрация', '3f5c1b10-0000-0000-0000-000000000070', '7a347577-1e7c-4a9a-b6a6-b7f4e2a9d222'),
       ('3f5c1b10-0000-0000-0000-000000000072', 'Отдел персонала', '3f5c1b10-0000-0000-0000-000000000070', '7a347577-1e7c-4a9a-b6a6-b7f4e2a9d223'),
       ('3f5c1b10-0000-0000-0000-000000000073', 'Коммерческий департамент', '3f5c1b10-0000-0000-0000-000000000070', '7a347577-1e7c-4a9a-b6a6-b7f4e2a9d224'),
       ('3f5c1b10-0000-0000-0000-000000000074', 'Отдел маркетинга', '3f5c1b10-0000-0000-0000-000000000073', '7a347577-1e7c-4a9a-b6a6-b7f4e2a9d225'),
       ('3f5c1b10-0000-0000-0000-000000000075', 'Отдел технической поддержки продаж', '3f5c1b10-0000-0000-0000-000000000073', '7a347577-1e7c-4a9a-b6a6-b7f4e2a9d226'),
       ('3f5c1b10-0000-0000-0000-000000000076', 'Отдел разработки', '3f5c1b10-0000-0000-0000-000000000070', '7a347577-1e7c-4a9a-b6a6-b7f4e2a9d227'),
       ('3f5c1b10-0000-0000-0000-000000000077', 'Группа серверной разработки', '3f5c1b10-0000-0000-0000-000000000076', '7a347577-1e7c-4a9a-b6a6-b7f4e2a9d228'),
       ('3f5c1b10-0000-0000-0000-000000000078', 'Группа веб разработки', '3f5c1b10-0000-0000-0000-000000000076', '7a347577-1e7c-4a9a-b6a6-b7f4e2a9d229'),
       ('3f5c1b10-0000-0000-0000-000000000079', 'Группа аналитики', '3f5c1b10-0000-0000-0000-000000000076', '7a347577-1e7c-4a9a-b6a6-b7f4e2a9d230'),
       ('3f5c1b10-0000-0000-0000-000000000080', 'Группа администрирования проектов', '3f5c1b10-0000-0000-0000-000000000076', '7a347577-1e7c-4a9a-b6a6-b7f4e2a9d231'),
       ('3f5c1b10-0000-0000-0000-000000000081', 'Группа продуктового дизайна', '3f5c1b10-0000-0000-0000-000000000076', '7a347577-1e7c-4a9a-b6a6-b7f4e2a9d232'),
       ('3f5c1b10-0000-0000-0000-000000000082', 'Группа тестирования', '3f5c1b10-0000-0000-0000-000000000076', '7a347577-1e7c-4a9a-b6a6-b7f4e2a9d233'),
       ('3f5c1b10-0000-0000-0000-000000000083', 'Отдел технического сопровождения', '3f5c1b10-0000-0000-0000-000000000070', '7a347577-1e7c-4a9a-b6a6-b7f4e2a9d234'),
       ('3f5c1b10-0000-0000-0000-000000000084', 'Отдел интеграции и автоматизации', '3f5c1b10-0000-0000-0000-000000000070', '7a347577-1e7c-4a9a-b6a6-b7f4e2a9d235'),
       ('3f5c1b10-0000-0000-0000-000000000085', 'Отдел продуктового менеджмента', '3f5c1b10-0000-0000-0000-000000000070', '7a347577-1e7c-4a9a-b6a6-b7f4e2a9d236'),
       ('3f5c1b10-0000-0000-0000-000000000086', 'Лаборатория кибербезопасности', '3f5c1b10-0000-0000-0000-000000000070', '7a347577-1e7c-4a9a-b6a6-b7f4e2a9d237'),
       ('3f5c1b10-0000-0000-0000-000000000087', 'Производственное направление', '3f5c1b10-0000-0000-0000-000000000086', '7a347577-1e7c-4a9a-b6a6-b7f4e2a9d238'),
       ('3f5c1b10-0000-0000-0000-000000000088', 'Аналитическое направление', '3f5c1b10-0000-0000-0000-000000000086', '7a347577-1e7c-4a9a-b6a6-b7f4e2a9d239'),
       ('3f5c1b10-0000-0000-0000-000000000089', 'Отдел документирования и локализации', '3f5c1b10-0000-0000-0000-000000000086', '7a347577-1e7c-4a9a-b6a6-b7f4e2a9d240'),
       ('3f5c1b10-0000-0000-0000-000000000090', 'КИТ ООО', '3f5c1b10-0000-0000-0000-000000000002', '7a347577-1e7c-4a9a-b6a6-b7f4e2a9d251'),
       ('3f5c1b10-0000-0000-0000-000000000091', 'Администрация', '3f5c1b10-0000-0000-0000-000000000090', '7a347577-1e7c-4a9a-b6a6-b7f4e2a9d241'),
       ('3f5c1b10-0000-0000-0000-000000000092', 'Департамент по работе с иностранными заказчиками', '3f5c1b10-0000-0000-0000-000000000090', '7a347577-1e7c-4a9a-b6a6-b7f4e2a9d242'),
       ('3f5c1b10-0000-0000-0000-000000000093', 'Отдел сопровождения информационных систем', '3f5c1b10-0000-0000-0000-000000000090', '7a347577-1e7c-4a9a-b6a6-b7f4e2a9d243'),
       ('3f5c1b10-0000-0000-0000-000000000094', 'Департамент консалтинга', '3f5c1b10-0000-0000-0000-000000000090', '7a347577-1e7c-4a9a-b6a6-b7f4e2a9d244'),
       ('3f5c1b10-0000-0000-0000-000000000020', 'Виртопс ООО', '3f5c1b10-0000-0000-0000-000000000003', '7a347577-1e7c-4a9a-b6a6-b7f4e2a9d200'),
       ('3f5c1b10-0000-0000-0000-000000000021', 'Администрация', '3f5c1b10-0000-0000-0000-000000000020', '7a347577-1e7c-4a9a-b6a6-b7f4e2a9d201'),
       ('3f5c1b10-0000-0000-0000-000000000022', 'Планово-экономический отдел', '3f5c1b10-0000-0000-0000-000000000020', '7a347577-1e7c-4a9a-b6a6-b7f4e2a9d202'),
       ('3f5c1b10-0000-0000-0000-000000000023', 'Отдел поддержки 1С', '3f5c1b10-0000-0000-0000-000000000020', '7a347577-1e7c-4a9a-b6a6-b7f4e2a9d203'),
       ('3f5c1b10-0000-0000-0000-000000000024', 'Отдел кадрового делопроизводства', '3f5c1b10-0000-0000-0000-000000000020', '7a347577-1e7c-4a9a-b6a6-b7f4e2a9d204'),
       ('3f5c1b10-0000-0000-0000-000000000025', 'Юридический отдел', '3f5c1b10-0000-0000-0000-000000000020', '7a347577-1e7c-4a9a-b6a6-b7f4e2a9d205'),
       ('3f5c1b10-0000-0000-0000-000000000026', 'Служба внутреннего сервиса', '3f5c1b10-0000-0000-0000-000000000020', '7a347577-1e7c-4a9a-b6a6-b7f4e2a9d206'),
       ('3f5c1b10-0000-0000-0000-000000000027', 'Отдел делопроизводства', '3f5c1b10-0000-0000-0000-000000000020', '7a347577-1e7c-4a9a-b6a6-b7f4e2a9d207'),
       ('3f5c1b10-0000-0000-0000-000000000028', 'Бухгалтерия', '3f5c1b10-0000-0000-0000-000000000020', '7a347577-1e7c-4a9a-b6a6-b7f4e2a9d208') ON CONFLICT (id) DO NOTHING;

-- ===== 3) EMPLOYEES =====
-- Фиксированные UUID для позиций (можешь поменять на свои)
INSERT INTO employees (id,
                       first_name,
                       middle_name,
                       last_name,
                       birth_date,
                       is_birthyear_visible,
                       hire_date,
                       city,
                       email,
                       phone,
                       mattermost,
                       tg,
                       about_me,
                       legal_entity,
                       department,
                       team_id,
                       position_id)
VALUES
       ('7a347577-1e7c-4a9a-b6a6-b7f4e2a9d800', 'Дмитрий', 'Алексеевич', 'Семенов', '1980-04-15', False, '2010-03-01',
        'Москва', 'dmitry.semenov@udv-dt.com', '+7 (495) 100-20-30', 'https://most.udv.group/udv/messages/@dmitry.semenov', '@semenov_digital',
        'Руководю направлением цифровой трансформации и координирую проекты всех продуктовых команд.',
        'UDV Digital Transformation', 'UDV Digital Transformation', '3f5c1b10-0000-0000-0000-000000000001', '0f5d5d50-0000-0000-0000-000000000001'),
       ('7a347577-1e7c-4a9a-b6a6-b7f4e2a9d801', 'Ирина', 'Владимировна', 'Ковалева', '1982-09-22', False, '2012-06-11',
        'Санкт-Петербург', 'irina.kovaleva@udv-security.com', '+7 (812) 200-30-40', 'https://most.udv.group/udv/messages/@irina.kovaleva', '@kovaleva_security',
        'Отвечаю за развитие сервисов информационной безопасности и взаимодействие с ключевыми заказчиками.',
        'UDV Security', 'UDV Security', '3f5c1b10-0000-0000-0000-000000000002', '0f5d5d50-0000-0000-0000-000000000001'),
       ('7a347577-1e7c-4a9a-b6a6-b7f4e2a9d802', 'Андрей', 'Сергеевич', 'Лукин', '1985-01-10', False, '2015-09-07',
        'Новосибирск', 'andrey.lukin@udv-services.com', '+7 (383) 300-40-50', 'https://most.udv.group/udv/messages/@andrey.lukin', '@lukin_services',
        'Курирую сервисные подразделения и слежу за тем, чтобы внутренние процессы работали без перебоев.',
        'UDV Services', 'UDV Services', '3f5c1b10-0000-0000-0000-000000000003', '0f5d5d50-0000-0000-0000-000000000001'),
       ('7a347577-1e7c-4a9a-b6a6-b7f4e2a9d200', 'Андрей', 'Михайлович', 'Семенов', '1975-11-03', FALSE, '2010-02-01', 'Москва',
        'andrey.semenov@virtops.ru', '+7 (495) 880-10-20', 'https://most.udv.group/udv/messages/@andrey.semenov', '@semenov_ceo',
        'Отвечаю за стратегию развития Virtops и поддерживаю культуру сервиса для клиентов и команд.', 'Виртопс ООО',
        'Виртопс ООО', '3f5c1b10-0000-0000-0000-000000000020', '0f5d5d50-0000-0000-0000-000000000001'),
       ('7a347577-1e7c-4a9a-b6a6-b7f4e2a9d201', 'Анна', 'Игоревна', 'Соколова', '1987-02-14', FALSE, '2016-05-10', 'Москва',
        'anna.sokolova@virtops.ru', '+7 (915) 111-22-33', 'https://most.udv.group/udv/messages/@anna.sokolova', '@anna_virtops',
        'Организую работу административного блока и отвечаю за корпоративные сервисы.', 'Виртопс ООО', 'Администрация',
        '3f5c1b10-0000-0000-0000-000000000021', '0f5d5d50-0000-0000-0000-000000000021'),
       ('7a347577-1e7c-4a9a-b6a6-b7f4e2a9d202', 'Илья', 'Сергеевич', 'Климов', '1984-09-18', FALSE, '2014-02-17', 'Самара',
        'ilya.klimov@virtops.ru', '+7 (927) 540-12-08', 'https://most.udv.group/udv/messages/@ilya.klimov', '@klimov_fin',
        'Контролирую бюджетирование и помогаю подразделениям планировать затраты.', 'Виртопс ООО',
        'Планово-экономический отдел', '3f5c1b10-0000-0000-0000-000000000022', '0f5d5d50-0000-0000-0000-000000000011'),
       ('7a347577-1e7c-4a9a-b6a6-b7f4e2a9d203', 'Наталья', 'Викторовна', 'Яковлева', '1990-05-02', FALSE, '2018-09-03',
        'Казань', 'natalia.yakovleva@virtops.ru', '+7 (987) 765-45-12', 'https://most.udv.group/udv/messages/@natalia.yakovleva', '@yakovleva_support',
        'Веду проекты по сопровождению 1С и обучаю новых специалистов.', 'Виртопс ООО', 'Отдел поддержки 1С',
        '3f5c1b10-0000-0000-0000-000000000023', '0f5d5d50-0000-0000-0000-000000000014'),
       ('7a347577-1e7c-4a9a-b6a6-b7f4e2a9d204', 'Екатерина', 'Павловна', 'Романова', '1991-01-27', FALSE, '2017-07-11',
        'Ярославль', 'ekaterina.romanova@virtops.ru', '+7 (930) 456-77-21', 'https://most.udv.group/udv/messages/@ekaterina.romanova', '@romanova_hr',
        'Следую за кадровым документооборотом и внедряю цифровые процессы.', 'Виртопс ООО',
        'Отдел кадрового делопроизводства', '3f5c1b10-0000-0000-0000-000000000024',
        '0f5d5d50-0000-0000-0000-000000000015'),
       ('7a347577-1e7c-4a9a-b6a6-b7f4e2a9d205', 'Дмитрий', 'Алексеевич', 'Корнилов', '1983-12-05', FALSE, '2012-11-01',
        'Москва', 'dmitry.kornilov@virtops.ru', '+7 (905) 800-33-45', 'https://most.udv.group/udv/messages/@dmitry.kornilov', '@kornilov_law',
        'Консультирую по правовым вопросам и защищаю интересы компании в судах.', 'Виртопс ООО', 'Юридический отдел',
        '3f5c1b10-0000-0000-0000-000000000025', '0f5d5d50-0000-0000-0000-000000000012'),
       ('7a347577-1e7c-4a9a-b6a6-b7f4e2a9d206', 'Маргарита', 'Владимировна', 'Лебедева', '1988-06-16', FALSE, '2015-03-02',
        'Пермь', 'margarita.lebedeva@virtops.ru', '+7 (912) 678-09-54', 'https://most.udv.group/udv/messages/@margarita.lebedeva', '@lebedeva_service',
        'Улучшаю внутренние сервисы и создаю дружелюбные офисные пространства.', 'Виртопс ООО',
        'Служба внутреннего сервиса', '3f5c1b10-0000-0000-0000-000000000026', '0f5d5d50-0000-0000-0000-000000000013'),
       ('7a347577-1e7c-4a9a-b6a6-b7f4e2a9d207', 'Галина', 'Романовна', 'Васильева', '1986-04-09', FALSE, '2013-05-13',
        'Иваново', 'galina.vasileva@virtops.ru', '+7 (904) 112-33-99', 'https://most.udv.group/udv/messages/@galina.vasileva', '@vasileva_docs',
        'Контролирую документооборот и настраиваю процессы архивации.', 'Виртопс ООО', 'Отдел делопроизводства',
        '3f5c1b10-0000-0000-0000-000000000027', '0f5d5d50-0000-0000-0000-000000000021'),
       ('7a347577-1e7c-4a9a-b6a6-b7f4e2a9d208', 'Сергей', 'Николаевич', 'Панин', '1979-11-30', FALSE, '2008-04-07', 'Москва',
        'sergey.panin@virtops.ru', '+7 (901) 556-40-22', 'https://most.udv.group/udv/messages/@sergey.panin', '@panin_fin',
        'Руководю бухгалтерской службой и автоматизирую учетные процессы.', 'Виртопс ООО', 'Бухгалтерия',
        '3f5c1b10-0000-0000-0000-000000000028', '0f5d5d50-0000-0000-0000-000000000011'),
       ('7a347577-1e7c-4a9a-b6a6-b7f4e2a9d246', 'Сергей', 'Михайлович', 'Корнеев', '1980-08-19', FALSE, '2011-03-14',
        'Новосибирск', 'sergey.korneev@trinidada.ru', '+7 (383) 210-55-18', 'https://most.udv.group/udv/messages/@sergey.korneev', '@korneev_tri',
        'Руководю компанией Тринидата и поддерживаю клиентов в цифровых трансформациях.', 'Тринидата ООО',
        'Тринидата ООО', '3f5c1b10-0000-0000-0000-000000000030', '0f5d5d50-0000-0000-0000-000000000001'),
       ('7a347577-1e7c-4a9a-b6a6-b7f4e2a9d209', 'Артем', 'Валерьевич', 'Жуков', '1987-09-01', FALSE, '2016-02-15',
        'Новосибирск', 'artem.zhukov@trinidada.ru', '+7 (913) 122-87-45', 'https://most.udv.group/udv/messages/@artem.zhukov', '@zhukov_tri',
        'Координирую разработку ключевых сервисов и слежу за качеством релизов.', 'Тринидата ООО',
        'Основное подразделение', '3f5c1b10-0000-0000-0000-000000000031', '0f5d5d50-0000-0000-0000-000000000017'),
       ('7a347577-1e7c-4a9a-b6a6-b7f4e2a9d247', 'Леонид', 'Алексеевич', 'Гаврилов', '1979-02-07', FALSE, '2009-06-01',
        'Екатеринбург', 'leonid.gavrilov@ftsoft.ru', '+7 (343) 210-77-40', 'https://most.udv.group/udv/messages/@leonid.gavrilov', '@gavrilov_ftsoft',
        'Направляю развитие продуктов ФТ-СОФТ и выстраиваю партнерства с рынком.', 'ФТ-СОФТ ООО', 'ФТ-СОФТ ООО',
        '3f5c1b10-0000-0000-0000-000000000040', '0f5d5d50-0000-0000-0000-000000000001'),
       ('7a347577-1e7c-4a9a-b6a6-b7f4e2a9d210', 'Инна', 'Владимировна', 'Морозова', '1985-03-22', FALSE, '2013-01-21',
        'Казань', 'inna.morozova@ftsoft.ru', '+7 (987) 110-45-80', 'https://most.udv.group/udv/messages/@inna.morozova', '@morozova_ops',
        'Веду административные проекты и помогаю руководству с внутренними инициативами.', 'ФТ-СОФТ ООО',
        'Администрация', '3f5c1b10-0000-0000-0000-000000000041', '0f5d5d50-0000-0000-0000-000000000015'),
       ('7a347577-1e7c-4a9a-b6a6-b7f4e2a9d211', 'Кирилл', 'Евгеньевич', 'Орлов', '1992-08-19', FALSE, '2019-04-08', 'Пермь',
        'kirill.orlov@ftsoft.ru', '+7 (912) 540-66-77', 'https://most.udv.group/udv/messages/@kirill.orlov', '@orlov_ops',
        'Веду продуктовые релизы и координирую работу проектных команд.', 'ФТ-СОФТ ООО', 'Основное подразделение',
        '3f5c1b10-0000-0000-0000-000000000042', '0f5d5d50-0000-0000-0000-000000000021'),
       ('7a347577-1e7c-4a9a-b6a6-b7f4e2a9d212', 'Алина', 'Олеговна', 'Нестерова', '1994-12-07', FALSE, '2020-02-03',
        'Екатеринбург', 'alina.nesterova@ftsoft.ru', '+7 (904) 330-14-90', 'https://most.udv.group/udv/messages/@alina.nesterova', '@nesterova_analytics',
        'Собираю аналитические требования и готовлю документацию для команд разработки.', 'ФТ-СОФТ ООО',
        'Основное подразделение', '3f5c1b10-0000-0000-0000-000000000043', '0f5d5d50-0000-0000-0000-000000000008'),
       ('7a347577-1e7c-4a9a-b6a6-b7f4e2a9d213', 'Петр', 'Андреевич', 'Литвинов', '1988-10-25', FALSE, '2014-09-15',
        'Нижний Новгород', 'petr.litvinov@ftsoft.ru', '+7 (920) 404-33-55', 'https://most.udv.group/udv/messages/@petr.litvinov', '@litvinov_teamlead',
        'Возглавляю одну из продуктовых команд и отвечаю за стабильность релизов.', 'ФТ-СОФТ ООО',
        'Отдел продуктовой разработки 2', '3f5c1b10-0000-0000-0000-000000000044',
        '0f5d5d50-0000-0000-0000-000000000004'),
       ('7a347577-1e7c-4a9a-b6a6-b7f4e2a9d214', 'Евгения', 'Михайловна', 'Савина', '1993-04-18', FALSE, '2017-11-06', 'Уфа',
        'evgenia.savina@ftsoft.ru', '+7 (927) 210-88-45', 'https://most.udv.group/udv/messages/@evgenia.savina', '@savina_front',
        'Руководю развитием пользовательского интерфейса и контролирую дизайн-систему.', 'ФТ-СОФТ ООО',
        'Отдел продуктовой разработки 1', '3f5c1b10-0000-0000-0000-000000000045',
        '0f5d5d50-0000-0000-0000-000000000010'),
       ('7a347577-1e7c-4a9a-b6a6-b7f4e2a9d215', 'Николай', 'Иванович', 'Соловьев', '1981-01-04', FALSE, '2010-05-24', 'Москва',
        'nikolay.solovev@ftsoft.ru', '+7 (903) 561-77-88', 'https://most.udv.group/udv/messages/@nikolay.solovev', '@solovev_delivery',
        'Строю процессы заказной разработки и общаюсь с клиентами на каждом этапе.', 'ФТ-СОФТ ООО',
        'Отдел заказной разработки', '3f5c1b10-0000-0000-0000-000000000046', '0f5d5d50-0000-0000-0000-000000000017'),
       ('7a347577-1e7c-4a9a-b6a6-b7f4e2a9d248', 'Ольга', 'Алексеевна', 'Кравцова', '1982-09-30', FALSE, '2012-04-23', 'Казань',
        'olga.kravtsova@vneocheredi.ru', '+7 (843) 205-90-41', 'https://most.udv.group/udv/messages/@olga.kravtsova', '@kravtsova_vneo',
        'Отвечаю за рост компании ВНЕОЧЕРЕДИ и вдохновляю команды на эксперименты.', 'ВНЕОЧЕРЕДИ ООО', 'ВНЕОЧЕРЕДИ ООО',
        '3f5c1b10-0000-0000-0000-000000000050', '0f5d5d50-0000-0000-0000-000000000001'),
       ('7a347577-1e7c-4a9a-b6a6-b7f4e2a9d216', 'Татьяна', 'Юрьевна', 'Белова', '1990-02-12', FALSE, '2016-08-22', 'Челябинск',
        'tatyana.belova@vneocheredi.ru', '+7 (922) 333-04-56', 'https://most.udv.group/udv/messages/@tatyana.belova', '@belova_sales',
        'Развиваю партнерские отношения и поддерживаю ключевых заказчиков.', 'ВНЕОЧЕРЕДИ ООО', 'Основное подразделение',
        '3f5c1b10-0000-0000-0000-000000000051', '0f5d5d50-0000-0000-0000-000000000020'),
       ('7a347577-1e7c-4a9a-b6a6-b7f4e2a9d217', 'Александр', 'Никитич', 'Фролов', '1986-06-03', FALSE, '2012-02-20', 'Москва',
        'alexandr.frolov@vneocheredi.ru', '+7 (905) 410-22-81', 'https://most.udv.group/udv/messages/@alexandr.frolov', '@frolov_prod',
        'Руководю разработкой новых продуктов и формирую стратегию платформы.', 'ВНЕОЧЕРЕДИ ООО',
        'Отдел продуктовой разработки', '3f5c1b10-0000-0000-0000-000000000052', '0f5d5d50-0000-0000-0000-000000000004'),
       ('7a347577-1e7c-4a9a-b6a6-b7f4e2a9d249', 'Павел', 'Геннадьевич', 'Руднев', '1976-12-18', FALSE, '2008-05-19',
        'Санкт-Петербург', 'pavel.rudnev@kitr.ru', '+7 (812) 600-40-70', 'https://most.udv.group/udv/messages/@pavel.rudnev', '@rudnev_kitr',
        'Формирую стратегию КИТ.Р и развиваю инженерные направления компании.', 'КИТ.Р ООО', 'КИТ.Р ООО',
        '3f5c1b10-0000-0000-0000-000000000060', '0f5d5d50-0000-0000-0000-000000000001'),
       ('7a347577-1e7c-4a9a-b6a6-b7f4e2a9d218', 'Оксана', 'Геннадьевна', 'Ермолаева', '1984-11-09', FALSE, '2011-04-04',
        'Москва', 'oksana.ermolaeva@kitr.ru', '+7 (909) 601-55-02', 'https://most.udv.group/udv/messages/@oksana.ermolaeva', '@ermolaeva_ops',
        'Занимаюсь административными вопросами и координирую внутренние сервисы.', 'КИТ.Р ООО', 'Администрация',
        '3f5c1b10-0000-0000-0000-000000000061', '0f5d5d50-0000-0000-0000-000000000021'),
       ('7a347577-1e7c-4a9a-b6a6-b7f4e2a9d219', 'Григорий', 'Павлович', 'Денисов', '1987-08-28', FALSE, '2014-12-01',
        'Санкт-Петербург', 'grigory.denisov@kitr.ru', '+7 (921) 880-44-12', 'https://most.udv.group/udv/messages/@grigory.denisov', '@denisov_devops',
        'Развиваю инженерные практики и отвечаю за автоматизацию поставки.', 'КИТ.Р ООО', 'Департамент разработки',
        '3f5c1b10-0000-0000-0000-000000000062', '0f5d5d50-0000-0000-0000-000000000024'),
       ('7a347577-1e7c-4a9a-b6a6-b7f4e2a9d220', 'Лидия', 'Игоревна', 'Тарасова', '1991-05-14', FALSE, '2017-03-13', 'Казань',
        'lidia.tarasova@kitr.ru', '+7 (987) 130-77-66', 'https://most.udv.group/udv/messages/@lidia.tarasova', '@tarasova_sec',
        'Организую процессы безопасности и провожу внутренние аудиты.', 'КИТ.Р ООО', 'Департамент кибербезопасности',
        '3f5c1b10-0000-0000-0000-000000000063', '0f5d5d50-0000-0000-0000-000000000018'),
       ('7a347577-1e7c-4a9a-b6a6-b7f4e2a9d221', 'Роман', 'Сергеевич', 'Поляков', '1989-07-17', FALSE, '2015-10-05', 'Москва',
        'roman.polyakov@kitr.ru', '+7 (901) 710-65-54', 'https://most.udv.group/udv/messages/@roman.polyakov', '@polyakov_marketing',
        'Запускаю маркетинговые кампании и работаю с брендом компании.', 'КИТ.Р ООО', 'Департамент маркетинга',
        '3f5c1b10-0000-0000-0000-000000000064', '0f5d5d50-0000-0000-0000-000000000016'),
       ('7a347577-1e7c-4a9a-b6a6-b7f4e2a9d250', 'Наталия', 'Игоревна', 'Воронцова', '1978-06-25', FALSE, '2011-01-17',
        'Москва', 'natalia.vorontsova@cyberlympha.ru', '+7 (495) 410-32-87', 'https://most.udv.group/udv/messages/@natalia.vorontsova', '@vorontsova_cyber',
        'Руководю компанией Сайберлимфа и развиваю культуру безопасности в продуктах.', 'Сайберлимфа ООО',
        'Сайберлимфа ООО', '3f5c1b10-0000-0000-0000-000000000070', '0f5d5d50-0000-0000-0000-000000000001'),
       ('7a347577-1e7c-4a9a-b6a6-b7f4e2a9d222', 'Елена', 'Владимировна', 'Дроздова', '1986-09-05', FALSE, '2012-06-18',
        'Воронеж', 'elena.drozdova@cyberlympha.ru', '+7 (473) 250-40-12', 'https://most.udv.group/udv/messages/@elena.drozdova', '@drozdova_admin',
        'Поддерживаю руководство и слежу за административными процессами компании.', 'Сайберлимфа ООО', 'Администрация',
        '3f5c1b10-0000-0000-0000-000000000071', '0f5d5d50-0000-0000-0000-000000000015'),
       ('7a347577-1e7c-4a9a-b6a6-b7f4e2a9d223', 'Владимир', 'Кириллович', 'Кузьмин', '1984-01-30', FALSE, '2010-09-06',
        'Кострома', 'vladimir.kuzmin@cyberlympha.ru', '+7 (910) 114-55-09', 'https://most.udv.group/udv/messages/@vladimir.kuzmin', '@kuzmin_hr',
        'Занимаюсь подбором, обучением и поддержкой сотрудников компании.', 'Сайберлимфа ООО', 'Отдел персонала',
        '3f5c1b10-0000-0000-0000-000000000072', '0f5d5d50-0000-0000-0000-000000000007'),
       ('7a347577-1e7c-4a9a-b6a6-b7f4e2a9d224', 'Мария', 'Алексеевна', 'Герасимова', '1992-11-08', FALSE, '2018-04-16',
        'Москва', 'maria.gerasimova@cyberlympha.ru', '+7 (926) 432-71-88', 'https://most.udv.group/udv/messages/@maria.gerasimova', '@gerasimova_sales',
        'Руководю продажами и помогаю командам достигать коммерческих целей.', 'Сайберлимфа ООО',
        'Коммерческий департамент', '3f5c1b10-0000-0000-0000-000000000073', '0f5d5d50-0000-0000-0000-000000000020'),
       ('7a347577-1e7c-4a9a-b6a6-b7f4e2a9d225', 'Игорь', 'Петрович', 'Синицын', '1985-04-23', FALSE, '2013-05-27', 'Москва',
        'igor.sinitsyn@cyberlympha.ru', '+7 (905) 230-90-48', 'https://most.udv.group/udv/messages/@igor.sinitsyn', '@sinitsyn_marketing',
        'Разрабатываю маркетинговую стратегию и управляю рекламными кампаниями.', 'Сайберлимфа ООО',
        'Коммерческий департамент', '3f5c1b10-0000-0000-0000-000000000074', '0f5d5d50-0000-0000-0000-000000000016'),
       ('7a347577-1e7c-4a9a-b6a6-b7f4e2a9d226', 'Ольга', 'Николаевна', 'Осипова', '1987-07-11', FALSE, '2014-11-10', 'Калуга',
        'olga.osipova@cyberlympha.ru', '+7 (910) 506-22-38', 'https://most.udv.group/udv/messages/@olga.osipova', '@osipova_support',
        'Помогаю отделу продаж с техническими вопросами и готовлю демонстрации.', 'Сайберлимфа ООО',
        'Коммерческий департамент', '3f5c1b10-0000-0000-0000-000000000075', '0f5d5d50-0000-0000-0000-000000000014'),
       ('7a347577-1e7c-4a9a-b6a6-b7f4e2a9d227', 'Степан', 'Романович', 'Ларионов', '1982-02-17', FALSE, '2009-08-31', 'Томск',
        'stepan.larionov@cyberlympha.ru', '+7 (913) 502-61-74', 'https://most.udv.group/udv/messages/@stepan.larionov', '@larionov_lead',
        'Координирую работу инженерных команд и развиваю архитектуру продуктов.', 'Сайберлимфа ООО', 'Отдел разработки',
        '3f5c1b10-0000-0000-0000-000000000076', '0f5d5d50-0000-0000-0000-000000000017'),
       ('7a347577-1e7c-4a9a-b6a6-b7f4e2a9d228', 'Артем', 'Константинович', 'Егоров', '1990-03-29', FALSE, '2016-01-18',
        'Тюмень', 'artem.egorov@cyberlympha.ru', '+7 (922) 608-44-17', 'https://most.udv.group/udv/messages/@artem.egorov', '@egorov_backend',
        'Разрабатываю серверную архитектуру и оптимизирую сервисы.', 'Сайберлимфа ООО', 'Отдел разработки',
        '3f5c1b10-0000-0000-0000-000000000077', '0f5d5d50-0000-0000-0000-000000000024'),
       ('7a347577-1e7c-4a9a-b6a6-b7f4e2a9d229', 'Светлана', 'Юрьевна', 'Мельникова', '1994-08-12', FALSE, '2020-03-02',
        'Краснодар', 'svetlana.melnikova@cyberlympha.ru', '+7 (918) 305-66-41', 'https://most.udv.group/udv/messages/@svetlana.melnikova',
        '@melnikova_front', 'Создаю веб-интерфейсы и отвечаю за производительность клиентских приложений.',
        'Сайберлимфа ООО', 'Отдел разработки', '3f5c1b10-0000-0000-0000-000000000078',
        '0f5d5d50-0000-0000-0000-000000000010'),
       ('7a347577-1e7c-4a9a-b6a6-b7f4e2a9d230', 'Денис', 'Владимирович', 'Пахомов', '1991-09-09', FALSE, '2017-05-15',
        'Санкт-Петербург', 'denis.pakhomov@cyberlympha.ru', '+7 (921) 341-78-52', 'https://most.udv.group/udv/messages/@denis.pakhomov', '@pakhomov_data',
        'Анализирую продуктовые метрики и поддерживаю систему отчетности.', 'Сайберлимфа ООО', 'Отдел разработки',
        '3f5c1b10-0000-0000-0000-000000000079', '0f5d5d50-0000-0000-0000-000000000008'),
       ('7a347577-1e7c-4a9a-b6a6-b7f4e2a9d231', 'Олеся', 'Викторовна', 'Сазонова', '1989-12-01', FALSE, '2015-01-26', 'Москва',
        'olesya.sazonova@cyberlympha.ru', '+7 (916) 725-34-19', 'https://most.udv.group/udv/messages/@olesya.sazonova', '@sazonova_pm',
        'Веду проекты внедрения и координирую взаимодействие команд.', 'Сайберлимфа ООО', 'Отдел разработки',
        '3f5c1b10-0000-0000-0000-000000000080', '0f5d5d50-0000-0000-0000-000000000021'),
       ('7a347577-1e7c-4a9a-b6a6-b7f4e2a9d232', 'Инга', 'Марковна', 'Журавлева', '1992-02-15', FALSE, '2019-09-09', 'Москва',
        'inga.zhuravleva@cyberlympha.ru', '+7 (499) 450-22-14', 'https://most.udv.group/udv/messages/@inga.zhuravleva', '@zhuravleva_design',
        'Развиваю продуктовый дизайн и провожу пользовательские исследования.', 'Сайберлимфа ООО', 'Отдел разработки',
        '3f5c1b10-0000-0000-0000-000000000081', '0f5d5d50-0000-0000-0000-000000000003'),
       ('7a347577-1e7c-4a9a-b6a6-b7f4e2a9d233', 'Максим', 'Сергеевич', 'Кондратьев', '1988-11-26', FALSE, '2014-04-14',
        'Тверь', 'maxim.kondratiev@cyberlympha.ru', '+7 (980) 124-55-60', 'https://most.udv.group/udv/messages/@maxim.kondratiev', '@kondratiev_qa',
        'Настраиваю тестовые стенды и отвечаю за автоматизацию тестирования.', 'Сайберлимфа ООО', 'Отдел разработки',
        '3f5c1b10-0000-0000-0000-000000000082', '0f5d5d50-0000-0000-0000-000000000019'),
       ('7a347577-1e7c-4a9a-b6a6-b7f4e2a9d234', 'Наталия', 'Романовна', 'Костина', '1987-07-04', FALSE, '2012-10-22',
        'Ростов-на-Дону', 'natalia.kostina@cyberlympha.ru', '+7 (918) 205-33-77', 'https://most.udv.group/udv/messages/@natalia.kostina', '@kostina_support',
        'Сопровождаю инфраструктуру клиентов и помогаю командам эксплуатации.', 'Сайберлимфа ООО',
        'Отдел технического сопровождения', '3f5c1b10-0000-0000-0000-000000000083',
        '0f5d5d50-0000-0000-0000-000000000013'),
       ('7a347577-1e7c-4a9a-b6a6-b7f4e2a9d235', 'Ярослав', 'Ильич', 'Мещеряков', '1986-03-08', FALSE, '2011-12-12', 'Казань',
        'yaroslav.meshcheryakov@cyberlympha.ru', '+7 (843) 290-55-90', 'https://most.udv.group/udv/messages/@yaroslav.meshcheryakov',
        '@meshcheryakov_integration', 'Интегрирую корпоративные системы и выстраиваю автоматизацию бизнес-процессов.',
        'Сайберлимфа ООО', 'Отдел интеграции и автоматизации', '3f5c1b10-0000-0000-0000-000000000084',
        '0f5d5d50-0000-0000-0000-000000000022'),
       ('7a347577-1e7c-4a9a-b6a6-b7f4e2a9d236', 'Эмма', 'Викторовна', 'Соколова', '1993-01-19', FALSE, '2018-07-02', 'Москва',
        'emma.sokolova@cyberlympha.ru', '+7 (925) 115-66-84', 'https://most.udv.group/udv/messages/@emma.sokolova', '@sokolova_product',
        'Формирую продуктовую стратегию и анализирую обратную связь клиентов.', 'Сайберлимфа ООО',
        'Отдел продуктового менеджмента', '3f5c1b10-0000-0000-0000-000000000085',
        '0f5d5d50-0000-0000-0000-000000000009'),
       ('7a347577-1e7c-4a9a-b6a6-b7f4e2a9d237', 'Виктория', 'Павловна', 'Шевелева', '1985-12-28', FALSE, '2013-03-18',
        'Новосибирск', 'viktoria.sheveleva@cyberlympha.ru', '+7 (913) 440-72-18', 'https://most.udv.group/udv/messages/@viktoria.sheveleva',
        '@sheveleva_cyber', 'Руководю лабораторией кибербезопасности и курирую направления исследований.',
        'Сайберлимфа ООО', 'Лаборатория кибербезопасности', '3f5c1b10-0000-0000-0000-000000000086',
        '0f5d5d50-0000-0000-0000-000000000018'),
       ('7a347577-1e7c-4a9a-b6a6-b7f4e2a9d238', 'Богдан', 'Андреевич', 'Фадеев', '1988-08-08', FALSE, '2015-09-21',
        'Екатеринбург', 'bogdan.fadeev@cyberlympha.ru', '+7 (982) 640-88-23', 'https://most.udv.group/udv/messages/@bogdan.fadeev', '@fadeev_ops',
        'Возглавляю производство сервисов и внедряю практики безопасной разработки.', 'Сайберлимфа ООО',
        'Лаборатория кибербезопасности', '3f5c1b10-0000-0000-0000-000000000087',
        '0f5d5d50-0000-0000-0000-000000000024'),
       ('7a347577-1e7c-4a9a-b6a6-b7f4e2a9d239', 'Ирина', 'Львовна', 'Черкасова', '1991-04-02', FALSE, '2017-01-16', 'Москва',
        'irina.cherkasova@cyberlympha.ru', '+7 (499) 230-98-07', 'https://most.udv.group/udv/messages/@irina.cherkasova', '@cherkasova_analytics',
        'Анализирую угрозы и разрабатываю сценарии защиты для клиентов.', 'Сайберлимфа ООО',
        'Лаборатория кибербезопасности', '3f5c1b10-0000-0000-0000-000000000088',
        '0f5d5d50-0000-0000-0000-000000000008'),
       ('7a347577-1e7c-4a9a-b6a6-b7f4e2a9d240', 'Олег', 'Николаевич', 'Мостовой', '1983-03-11', FALSE, '2010-06-07', 'Москва',
        'oleg.mostovoy@cyberlympha.ru', '+7 (903) 220-41-73', 'https://most.udv.group/udv/messages/@oleg.mostovoy', '@mostovoy_docs',
        'Руководю документированием и координирую локализацию материалов.', 'Сайберлимфа ООО',
        'Лаборатория кибербезопасности', '3f5c1b10-0000-0000-0000-000000000089',
        '0f5d5d50-0000-0000-0000-000000000021'),
       ('7a347577-1e7c-4a9a-b6a6-b7f4e2a9d251', 'Владислав', 'Петрович', 'Синицин', '1977-03-05', FALSE, '2009-09-07',
        'Москва', 'vladislav.sinitsin@kit.ru', '+7 (495) 700-20-32', 'https://most.udv.group/udv/messages/@vladislav.sinitsin', '@sinitsin_kit',
        'Возглавляю группу компаний КИТ и поддерживаю международные проекты и партнерства.', 'КИТ ООО', 'КИТ ООО',
        '3f5c1b10-0000-0000-0000-000000000090', '0f5d5d50-0000-0000-0000-000000000001'),
       ('7a347577-1e7c-4a9a-b6a6-b7f4e2a9d241', 'Станислав', 'Григорьевич', 'Новиков', '1984-10-10', FALSE, '2012-01-09',
        'Москва', 'stanislav.novikov@kit.ru', '+7 (495) 330-44-55', 'https://most.udv.group/udv/messages/@stanislav.novikov', '@novikov_admin',
        'Организую административные процессы и курирую офисные проекты.', 'КИТ ООО', 'Администрация',
        '3f5c1b10-0000-0000-0000-000000000091', '0f5d5d50-0000-0000-0000-000000000021'),
       ('7a347577-1e7c-4a9a-b6a6-b7f4e2a9d242', 'Алина', 'Борисовна', 'Лукина', '1990-05-27', FALSE, '2015-09-14',
        'Санкт-Петербург', 'alina.lukina@kit.ru', '+7 (812) 400-12-47', 'https://most.udv.group/udv/messages/@alina.lukina', '@lukina_global',
        'Развиваю сотрудничество с зарубежными партнерами и веду переговоры.', 'КИТ ООО',
        'Департамент по работе с иностранными заказчиками', '3f5c1b10-0000-0000-0000-000000000092',
        '0f5d5d50-0000-0000-0000-000000000020'),
       ('7a347577-1e7c-4a9a-b6a6-b7f4e2a9d243', 'Рустам', 'Ильдарович', 'Хафизов', '1987-01-06', FALSE, '2013-04-29', 'Уфа',
        'rustam.hafizov@kit.ru', '+7 (917) 260-33-19', 'https://most.udv.group/udv/messages/@rustam.hafizov', '@hafizov_it',
        'Сопровождаю информационные системы и контролирую стабильность сервисов.', 'КИТ ООО',
        'Отдел сопровождения информационных систем', '3f5c1b10-0000-0000-0000-000000000093',
        '0f5d5d50-0000-0000-0000-000000000018'),
       ('7a347577-1e7c-4a9a-b6a6-b7f4e2a9d244', 'Маргарита', 'Леонидовна', 'Солодова', '1985-08-21', FALSE, '2011-11-07',
        'Москва', 'margarita.solodova@kit.ru', '+7 (903) 777-20-41', 'https://most.udv.group/udv/messages/@margarita.solodova', '@solodova_consult',
        'Веду консалтинговые проекты и поддерживаю клиентов на этапе внедрения.', 'КИТ ООО', 'Департамент консалтинга',
        '3f5c1b10-0000-0000-0000-000000000094', '0f5d5d50-0000-0000-0000-000000000021'),
       ('7a347577-1e7c-4a9a-b6a6-b7f4e2a9d245', 'Екатерина', 'Владимировна', 'Плотникова', '1993-06-24', FALSE, '2019-10-07',
        'Омск', 'ekaterina.plotnikova@trinidada.ru', '+7 (913) 550-47-63', 'https://most.udv.group/udv/messages/@ekaterina.plotnikova', '@plotnikova_tri',
        'Отвечаю за коммуникацию с клиентами и планирование внедрений.', 'Тринидата ООО', 'Основное подразделение',
        '3f5c1b10-0000-0000-0000-000000000031', '0f5d5d50-0000-0000-0000-000000000025'),
       ('7a347577-1e7c-4a9a-b6a6-b7f4e2a9d105', 'Мария', 'Юрьевна', 'Котова', '1990-01-15', False, '2020-09-01',
        'Казань', 'maria.kotova@udv.com', '+7 (900) 123-45-67', 'https://most.udv.group/udv/messages/@maria.kotova', '@kotova_product',
        'Помогаю командам развивать продуктовые гипотезы и фокусируюсь на ценности для пользователей.',
        'UDV Digital Transformation', 'Продуктовый офис', '3f5c1b10-0000-0000-0000-000000000001', '0f5d5d50-0000-0000-0000-000000000009') ON CONFLICT (id) DO NOTHING;


-- ===== 4) STATUS HISTORY =====
INSERT INTO status_history (id, employee_id, status, started_at, ended_at)
VALUES
       ('20000000-0000-0000-0000-000000000800', '7a347577-1e7c-4a9a-b6a6-b7f4e2a9d800', 'active', '2010-03-01T09:00:00+00', NULL),
       ('20000000-0000-0000-0000-000000000801', '7a347577-1e7c-4a9a-b6a6-b7f4e2a9d801', 'active', '2012-06-11T09:00:00+00', NULL),
       ('20000000-0000-0000-0000-000000000802', '7a347577-1e7c-4a9a-b6a6-b7f4e2a9d802', 'active', '2015-09-07T09:00:00+00', NULL),
('10000000-0000-0000-0000-000000000107', '7a347577-1e7c-4a9a-b6a6-b7f4e2a9d201', 'active',
        '2016-05-10T09:00:00+00', NULL),
('10000000-0000-0000-0000-000000000108', '7a347577-1e7c-4a9a-b6a6-b7f4e2a9d202', 'active',
        '2014-02-17T09:00:00+00', NULL),
('10000000-0000-0000-0000-000000000109', '7a347577-1e7c-4a9a-b6a6-b7f4e2a9d203', 'active',
        '2018-09-03T09:00:00+00', NULL),
('10000000-0000-0000-0000-000000000110', '7a347577-1e7c-4a9a-b6a6-b7f4e2a9d204', 'active',
        '2017-07-11T09:00:00+00', NULL),
('10000000-0000-0000-0000-000000000111', '7a347577-1e7c-4a9a-b6a6-b7f4e2a9d205', 'active',
        '2012-11-01T09:00:00+00', NULL),
('10000000-0000-0000-0000-000000000112', '7a347577-1e7c-4a9a-b6a6-b7f4e2a9d206', 'active',
        '2015-03-02T09:00:00+00', NULL),
('10000000-0000-0000-0000-000000000113', '7a347577-1e7c-4a9a-b6a6-b7f4e2a9d207', 'active',
        '2013-05-13T09:00:00+00', NULL),
('10000000-0000-0000-0000-000000000114', '7a347577-1e7c-4a9a-b6a6-b7f4e2a9d208', 'active',
        '2008-04-07T09:00:00+00', NULL),
('10000000-0000-0000-0000-000000000115', '7a347577-1e7c-4a9a-b6a6-b7f4e2a9d209', 'active',
        '2016-02-15T09:00:00+00', NULL),
('10000000-0000-0000-0000-000000000116', '7a347577-1e7c-4a9a-b6a6-b7f4e2a9d210', 'active',
        '2013-01-21T09:00:00+00', NULL),
('10000000-0000-0000-0000-000000000117', '7a347577-1e7c-4a9a-b6a6-b7f4e2a9d211', 'active',
        '2019-04-08T09:00:00+00', NULL),
('10000000-0000-0000-0000-000000000118', '7a347577-1e7c-4a9a-b6a6-b7f4e2a9d212', 'active',
        '2020-02-03T09:00:00+00', NULL),
('10000000-0000-0000-0000-000000000119', '7a347577-1e7c-4a9a-b6a6-b7f4e2a9d213', 'active',
        '2014-09-15T09:00:00+00', NULL),
('10000000-0000-0000-0000-000000000120', '7a347577-1e7c-4a9a-b6a6-b7f4e2a9d214', 'active',
        '2017-11-06T09:00:00+00', NULL),
('10000000-0000-0000-0000-000000000121', '7a347577-1e7c-4a9a-b6a6-b7f4e2a9d215', 'active',
        '2010-05-24T09:00:00+00', NULL),
('10000000-0000-0000-0000-000000000122', '7a347577-1e7c-4a9a-b6a6-b7f4e2a9d216', 'active',
        '2016-08-22T09:00:00+00', NULL),
('10000000-0000-0000-0000-000000000123', '7a347577-1e7c-4a9a-b6a6-b7f4e2a9d217', 'active',
        '2012-02-20T09:00:00+00', NULL),
('10000000-0000-0000-0000-000000000124', '7a347577-1e7c-4a9a-b6a6-b7f4e2a9d218', 'active',
        '2011-04-04T09:00:00+00', NULL),
('10000000-0000-0000-0000-000000000125', '7a347577-1e7c-4a9a-b6a6-b7f4e2a9d219', 'active',
        '2014-12-01T09:00:00+00', NULL),
('10000000-0000-0000-0000-000000000126', '7a347577-1e7c-4a9a-b6a6-b7f4e2a9d220', 'active',
        '2017-03-13T09:00:00+00', NULL),
('10000000-0000-0000-0000-000000000127', '7a347577-1e7c-4a9a-b6a6-b7f4e2a9d221', 'active',
        '2015-10-05T09:00:00+00', NULL),
('10000000-0000-0000-0000-000000000128', '7a347577-1e7c-4a9a-b6a6-b7f4e2a9d222', 'active',
        '2012-06-18T09:00:00+00', NULL),
('10000000-0000-0000-0000-000000000129', '7a347577-1e7c-4a9a-b6a6-b7f4e2a9d223', 'active',
        '2010-09-06T09:00:00+00', NULL),
('10000000-0000-0000-0000-000000000130', '7a347577-1e7c-4a9a-b6a6-b7f4e2a9d224', 'active',
        '2018-04-16T09:00:00+00', NULL),
('10000000-0000-0000-0000-000000000131', '7a347577-1e7c-4a9a-b6a6-b7f4e2a9d225', 'active',
        '2013-05-27T09:00:00+00', NULL),
('10000000-0000-0000-0000-000000000132', '7a347577-1e7c-4a9a-b6a6-b7f4e2a9d226', 'active',
        '2014-11-10T09:00:00+00', NULL),
('10000000-0000-0000-0000-000000000133', '7a347577-1e7c-4a9a-b6a6-b7f4e2a9d227', 'active',
        '2009-08-31T09:00:00+00', NULL),
('10000000-0000-0000-0000-000000000134', '7a347577-1e7c-4a9a-b6a6-b7f4e2a9d228', 'active',
        '2016-01-18T09:00:00+00', NULL),
('10000000-0000-0000-0000-000000000135', '7a347577-1e7c-4a9a-b6a6-b7f4e2a9d229', 'active',
        '2020-03-02T09:00:00+00', NULL),
('10000000-0000-0000-0000-000000000136', '7a347577-1e7c-4a9a-b6a6-b7f4e2a9d230', 'active',
        '2017-05-15T09:00:00+00', NULL),
('10000000-0000-0000-0000-000000000137', '7a347577-1e7c-4a9a-b6a6-b7f4e2a9d231', 'active',
        '2015-01-26T09:00:00+00', NULL),
('10000000-0000-0000-0000-000000000138', '7a347577-1e7c-4a9a-b6a6-b7f4e2a9d232', 'active',
        '2019-09-09T09:00:00+00', NULL),
('10000000-0000-0000-0000-000000000139', '7a347577-1e7c-4a9a-b6a6-b7f4e2a9d233', 'active',
        '2014-04-14T09:00:00+00', NULL),
('10000000-0000-0000-0000-000000000140', '7a347577-1e7c-4a9a-b6a6-b7f4e2a9d234', 'active',
        '2012-10-22T09:00:00+00', NULL),
('10000000-0000-0000-0000-000000000141', '7a347577-1e7c-4a9a-b6a6-b7f4e2a9d235', 'active',
        '2011-12-12T09:00:00+00', NULL),
('10000000-0000-0000-0000-000000000142', '7a347577-1e7c-4a9a-b6a6-b7f4e2a9d236', 'active',
        '2018-07-02T09:00:00+00', NULL),
('10000000-0000-0000-0000-000000000143', '7a347577-1e7c-4a9a-b6a6-b7f4e2a9d237', 'active',
        '2013-03-18T09:00:00+00', NULL),
('10000000-0000-0000-0000-000000000144', '7a347577-1e7c-4a9a-b6a6-b7f4e2a9d238', 'active',
        '2015-09-21T09:00:00+00', NULL),
('10000000-0000-0000-0000-000000000145', '7a347577-1e7c-4a9a-b6a6-b7f4e2a9d239', 'active',
        '2017-01-16T09:00:00+00', NULL),
('10000000-0000-0000-0000-000000000146', '7a347577-1e7c-4a9a-b6a6-b7f4e2a9d240', 'active',
        '2010-06-07T09:00:00+00', NULL),
('10000000-0000-0000-0000-000000000147', '7a347577-1e7c-4a9a-b6a6-b7f4e2a9d241', 'active',
        '2012-01-09T09:00:00+00', NULL),
('10000000-0000-0000-0000-000000000148', '7a347577-1e7c-4a9a-b6a6-b7f4e2a9d242', 'active',
        '2015-09-14T09:00:00+00', NULL),
('10000000-0000-0000-0000-000000000149', '7a347577-1e7c-4a9a-b6a6-b7f4e2a9d243', 'vacation',
        '2013-04-29T09:00:00+00', NULL),
('10000000-0000-0000-0000-000000000150', '7a347577-1e7c-4a9a-b6a6-b7f4e2a9d244', 'active',
        '2011-11-07T09:00:00+00', NULL),
('10000000-0000-0000-0000-000000000151', '7a347577-1e7c-4a9a-b6a6-b7f4e2a9d245', 'active',
        '2019-10-07T09:00:00+00', NULL),
('10000000-0000-0000-0000-000000000153', '7a347577-1e7c-4a9a-b6a6-b7f4e2a9d200', 'active',
        '2010-02-01T09:00:00+00', NULL),
('10000000-0000-0000-0000-000000000154', '7a347577-1e7c-4a9a-b6a6-b7f4e2a9d246', 'vacation',
        '2011-03-14T09:00:00+00', NULL),
('10000000-0000-0000-0000-000000000155', '7a347577-1e7c-4a9a-b6a6-b7f4e2a9d247', 'active',
        '2009-06-01T09:00:00+00', NULL),
('10000000-0000-0000-0000-000000000156', '7a347577-1e7c-4a9a-b6a6-b7f4e2a9d248', 'active',
        '2012-04-23T09:00:00+00', NULL),
('10000000-0000-0000-0000-000000000157', '7a347577-1e7c-4a9a-b6a6-b7f4e2a9d249', 'active',
        '2008-05-19T09:00:00+00', NULL),
('10000000-0000-0000-0000-000000000158', '7a347577-1e7c-4a9a-b6a6-b7f4e2a9d250', 'sickLeave',
        '2011-01-17T09:00:00+00', NULL),
('10000000-0000-0000-0000-000000000159', '7a347577-1e7c-4a9a-b6a6-b7f4e2a9d251', 'sickLeave',
        '2009-09-07T09:00:00+00', NULL) ON CONFLICT (id) DO NOTHING;

-- ===== 5) USERS (учётки для аутентификации) =====
INSERT INTO users (id, email, password_hash, role)
VALUES ('019aa64f-3f33-7d00-91ce-86c739c66071', 'maria.kotova@udv.com',
        '$argon2id$v=19$m=65536,t=3,p=4$IiTk/F9LKUXI+Z/zfq+1Fg$BnOQ22n7peKweASZ6pDIhFZ/HH6V5FF4OfOk7aiklvM',
        'admin') ON CONFLICT (id) DO NOTHING;

-- Возвращаем проверку ограничений в исходное состояние для транзакции
SET LOCAL session_replication_role = 'origin';
COMMIT;
